SELECT * FROM Cat_Lines WHERE Id_Line = 'CENTMB'

CENTMB.	CENTRELLATM SMART+BED P7900	CENTRELLATM SMART+BED P7900	0	Angel Gutierrez	2021-01-02 00:00:00.000	First Batch

SELECT * FROM Cat_Lines WHERE Id_Line = 'CENTMB'
SELECT * FROM Items_Configuration WHERE Id_Line = 'CENTMB'
SELECT * FROM Items_Templates WHERE Id_Line = 'CENTMB'

/*================================================================================*/
--CATALOGO DE LINEAS
/*================================================================================*/
INSERT INTO Cat_Lines VALUES ('CENTIN','CENTRELLATM SMART+BED P7900 INTERNATIONAL','CENTRELLATM SMART+BED P7900 INTERNATIONAL',1,'AZEPEDA','20221017','0.0.0.0')


/*================================================================================*/
--CATALOGO DE ITEMS
/*================================================================================*/
BEGIN TRAN 

INSERT INTO Cat_Item VALUES ('AIR-36','US','COMP','SURFACEKIT','NA','NA',NULL,'CentrellaTM MAX Air Surface - For 36 Frame ','CentrellaTM MAX Air Surface - For 36 Frame (included with CNT-PAK355) Includes Blower,  Comfort Controls,  Enhanced Turn Assist,  and Focused Advanced MicroclimateTMTechnology','','','','','',1,'AZEPEDA','20221017','0.0.0.0',NULL,'',NULL)
INSERT INTO Cat_Item VALUES ('AIR-40','US','COMP','SURFACEKIT','NA','NA',NULL,'CentrellaTM MAX Air Surface - For 40 Frame  ','CentrellaTM MAX Air Surface - For 40 Frame (CNT-BASE or CNT-PAK255) Includes Blower,  Comfort Controls,  Enhanced Turn Assist,  and Focused Advanced MicroclimateTMTechnology','','','','','',1,'AZEPEDA','20221017','0.0.0.0',NULL,'',NULL)
INSERT INTO Cat_Item VALUES ('AIR-40.','US','COMP','SURFACEKIT','NA','NA',NULL,'CentrellaTM MAX Air Surface Upgrade - For 40 Frame','CentrellaTM MAX Air Surface Upgrade - For 40 Frame (CNT-PAK355 only) Includes Blower,   Comfort Controls,  Enhanced Turn Assist,  and Focused Advanced MicroclimateTMTechnology','','','','','',1,'AZEPEDA','20221017','0.0.0.0',NULL,'',NULL)
INSERT INTO Cat_Item VALUES ('NPAIR-36','US','COMP','SURFACEKIT','NA','NA',NULL,'CentrellaTM PRO Surface - For 36 Frame (P7921A01) ','CentrellaTM PRO Surface - For 36 Frame (P7921A01) (not available on CNT-PAK355)','','','','','',1,'AZEPEDA','20221017','0.0.0.0',NULL,'',NULL)
INSERT INTO Cat_Item VALUES ('NPAIR-40','US','COMP','SURFACEKIT','NA','NA',NULL,'CentrellaTM PRO Surface - For 40 Frame (P7921A02)','CentrellaTM PRO Surface - For 40 Frame (P7921A02) (not available on CNT-PAK355)','','','','','',1,'AZEPEDA','20221017','0.0.0.0',NULL,'',NULL)
INSERT INTO Cat_Item VALUES ('FOAM-36','US','COMP','SURFACEKIT','NA','NA',NULL,'CentrellaTM CORE Surface - For 36 Frame (P7920A)','CentrellaTM CORE Surface - For 36 Frame (P7920A) (not available on CNT-PAK355)','','','','','',1,'AZEPEDA','20221017','0.0.0.0',NULL,'',NULL)
INSERT INTO Cat_Item VALUES ('PP3','US','COMP','SURFACEKIT','NA','NA',NULL,'Centrella® Pro+ Surface 36" without X-RAY - P7923A','Centrella® Pro+ Surface 36" without X-RAY - P7923A03','','','','','',1,'AZEPEDA','20221017','0.0.0.0',NULL,'',NULL)
INSERT INTO Cat_Item VALUES ('PP3X','US','COMP','SURFACEKIT','NA','NA',NULL,'Centrella® Pro+ Surface 36" with X-RAY - P7923A01','Centrella® Pro+ Surface 36" with X-RAY - P7923A01','','','','','',1,'AZEPEDA','20221017','0.0.0.0',NULL,'',NULL)
INSERT INTO Cat_Item VALUES ('PP4','US','COMP','SURFACEKIT','NA','NA',NULL,'Centrella® Pro+ Surface 40" without X-RAY - P7923A','Centrella® Pro+ Surface 40" without X-RAY - P7923A04','','','','','',1,'AZEPEDA','20221017','0.0.0.0',NULL,'',NULL)
INSERT INTO Cat_Item VALUES ('PP4X','US','COMP','SURFACEKIT','NA','NA',NULL,'Centrella® Pro+ Surface 40" with X-RAY - P7923A02','Centrella® Pro+ Surface 40" with X-RAY - P7923A02','','','','','',1,'AZEPEDA','20221017','0.0.0.0',NULL,'',NULL)
INSERT INTO Cat_Item VALUES ('36','US','COMP','FRAMEWIDTH','NA','NA',NULL,'36 Frame Width','36 Frame Width','','','','','',1,'AZEPEDA','20221017','0.0.0.0',NULL,'',NULL)
INSERT INTO Cat_Item VALUES ('40','US','COMP','FRAMEWIDTH','NA','NA',NULL,'40 Frame Width - Comfort Edition','40 Frame Width - Comfort Edition','','','','','',1,'AZEPEDA','20221017','0.0.0.0',NULL,'',NULL)
INSERT INTO Cat_Item VALUES ('SNC.','US','COMP','PATSIDECOM','NA','NA',NULL,'Nurse Call with Active Nurse Call Button','Nurse Call with Active Nurse Call Button','','','','','',1,'AZEPEDA','20221017','0.0.0.0',NULL,'',NULL)
INSERT INTO Cat_Item VALUES ('NUL.','US','COMP','PATSIDECOM','NA','NA',NULL,'Siderail Nurse Call  Universal TV and Lighting Con','Siderail Nurse Call  Universal TV and Lighting Controls','','','','','',1,'AZEPEDA','20221017','0.0.0.0',NULL,'',NULL)
INSERT INTO Cat_Item VALUES ('BASIC','US','COMP','EXPERIEPOD','NA','NA',NULL,'Experience Pod - Basic','Experience Pod - Basic','','','','','',1,'AZEPEDA','20221017','0.0.0.0',NULL,'',NULL)
INSERT INTO Cat_Item VALUES ('STD.','US','COMP','EXPERIEPOD','NA','NA',NULL,'Experience Pod - Standard','Experience Pod - Standard','','','','','',1,'AZEPEDA','20221017','0.0.0.0',NULL,'',NULL)
INSERT INTO Cat_Item VALUES ('5W..','US','COMP','MOBILITY','NA','NA',NULL,'Fifth Wheel Steering','Fifth Wheel Steering','CNT-BASE','','','','',1,'AZEPEDA','20221017','0.0.0.0',NULL,'',NULL)
INSERT INTO Cat_Item VALUES ('ID.','US','COMP','MOBILITY','OTHERS','NA',NULL,'IntelliDrive® Powered Transport','IntelliDrive® Powered Transport','CNT-BASE','','','','',1,'AZEPEDA','20221017','0.0.0.0',NULL,'',NULL)
INSERT INTO Cat_Item VALUES ('YES*','US','COMP','PENDANT','NA','NA',NULL,'Patient Pendant (Included with CNT-PAK255 and CNT-','Patient Pendant (Included with CNT-PAK255 and CNT-PAK355)','','','','','',1,'AZEPEDA','20221017','0.0.0.0',NULL,'',NULL)
INSERT INTO Cat_Item VALUES ('YES.','US','COMP','2PENDANT','NA','NA',NULL,'2nd Patient Pendant','2nd Patient Pendant','','','','','',1,'AZEPEDA','20221017','0.0.0.0',NULL,'',NULL)
INSERT INTO Cat_Item VALUES ('SV','US','COMP','SAFEVIWEA','NA','NA',NULL,'SafeView®+ System with IllumiGuide™ Siderail Handg','SafeView®+ System with IllumiGuide™ Siderail Handgrip','CNT-PAK355','','','','',1,'AZEPEDA','20221017','0.0.0.0',NULL,'',NULL)
INSERT INTO Cat_Item VALUES ('2LCD','US','COMP','LCDTOUSCRE','OTHERS','NA',NULL,'2nd Graphical Caregiver InterfaceTM Touchscreen (R','2nd Graphical Caregiver InterfaceTM Touchscreen (Right Side) (included with CNT-PAK355)','CNT-BASE','','','','',1,'AZEPEDA','20221017','0.0.0.0',NULL,'',NULL)
INSERT INTO Cat_Item VALUES ('LM.','US','COMP','LINEMANAG','OTHERS','NA',NULL,'Additional Line Management (P7512A)','Additional Line Management (P7512A)','CNT-BASE','','','','',1,'AZEPEDA','20221017','0.0.0.0',NULL,'',NULL)
INSERT INTO Cat_Item VALUES ('YES..','US','COMP','LINEMANAG','NA','NA',NULL,'Removable IV Pole - P2217A','Removable IV Pole - P2217A','CNT-BASE','','','','',1,'AZEPEDA','20221017','0.0.0.0',NULL,'',NULL)
INSERT INTO Cat_Item VALUES ('YES…','US','COMP','LINEMANAG','NA','NA',NULL,'Permanent IV Pole - P7511A','Permanent IV Pole - P7511A','CNT-BASE','','','','',1,'AZEPEDA','20221017','0.0.0.0',NULL,'',NULL)
INSERT INTO Cat_Item VALUES ('OSI','US','COMP','PERIVPOLE','NA','NA',NULL,'Patient Helper Sleeve - OSI Compatible Only P3212A','Patient Helper Sleeve - OSI Compatible Only P3212A','CNT-BASE','','','','',1,'AZEPEDA','20221017','0.0.0.0',NULL,'',NULL)
INSERT INTO Cat_Item VALUES ('PHB','US','COMP','PATIEHEBRA','NA','NA',NULL,'Patient Helper Bracket - P7938A','Patient Helper Bracket - P7938A','CNT-PAK355','','','','',1,'AZEPEDA','20221017','0.0.0.0',NULL,'',NULL)
INSERT INTO Cat_Item VALUES ('FTA','US','COMP','FOOTRAADA','NA','NA',NULL,'Footend Traction Adaptor ','Footend Traction Adaptor ','CNT-BASE','','','','',1,'AZEPEDA','20221017','0.0.0.0',NULL,'',NULL)
INSERT INTO Cat_Item VALUES ('TS*','US','COMP','TRANSSHELF','NA','NA',NULL,'Transport Shelf - P7524A','Transport Shelf - P7524A','CNT-PAK355','','','','',1,'AZEPEDA','20221017','0.0.0.0',NULL,'',NULL)
INSERT INTO Cat_Item VALUES ('PH*','US','COMP','PUSHHANDLE','NA','NA',NULL,'Ergonomic Push Handles - P7929A - Not used with In','Ergonomic Push Handles - P7929A - Not used with IntelliDrive® Powered Transport','CNT-PAK355','','','','',1,'AZEPEDA','20221017','0.0.0.0',NULL,'',NULL)
INSERT INTO Cat_Item VALUES ('BLO','US','ACCE','DESIGNPRIN','OTHERS','NA',NULL,'Air Blower (No Surface)','Air Blower (No Surface)','CNT-BASE','','','','',1,'AZEPEDA','20221017','0.0.0.0',NULL,'',NULL)
INSERT INTO Cat_Item VALUES ('OD','US','COMP','OBSTACDETE','NA','NA',NULL,'Obstacle Detect® System ','Obstacle Detect® System ','CNT-BASE','','','','',1,'AZEPEDA','20221017','0.0.0.0',NULL,'',NULL)
INSERT INTO Cat_Item VALUES ('XRAY','US','COMP','XRAYSLEEVE','NA','NA',NULL,'X-Ray Sleeve (Requires 36"MAX Surface, AU - NZ - A','X-Ray Sleeve (Requires 36"MAX Surface, AU - NZ - AE - SA only)','CNT-PAK355','','','','',1,'AZEPEDA','20221017','0.0.0.0',NULL,'',NULL)
INSERT INTO Cat_Item VALUES ('P7920A','US','ACCE','BEDSURFACE','THSUR','NA',NULL,'Centrella™ core Surface For 36" Frame','Centrella™ core Surface For 36" Frame','CNT-BASE','','','','',1,'AZEPEDA','20221017','0.0.0.0',NULL,'',NULL)
INSERT INTO Cat_Item VALUES ('P7921A01','US','ACCE','BEDSURFACE','NA','NA',NULL,'Centrella™ pro Surface For 36" Frame','Centrella™ pro Surface For 36" Frame','CNT-BASE','','','','',1,'AZEPEDA','20221017','0.0.0.0',NULL,'',NULL)
INSERT INTO Cat_Item VALUES ('P7921A02','US','ACCE','BEDSURFACE','THSUR','NA',NULL,'Centrella™ pro Surface For 40" Frame','Centrella™ pro Surface For 40" Frame','CNT-BASE','','','','',1,'AZEPEDA','20221017','0.0.0.0',NULL,'',NULL)
INSERT INTO Cat_Item VALUES ('P7922A01','US','ACCE','BEDSURFACE','THSUR','NA',NULL,'Centrella™ max Air Surface For 36" Frame - Does no','Centrella™ max Air Surface For 36" Frame - Does not include blower','CNT-BASE','','','','',1,'AZEPEDA','20221017','0.0.0.0',NULL,'',NULL)
INSERT INTO Cat_Item VALUES ('P7922A02','US','ACCE','BEDSURFACE','THSUR','NA',NULL,'Centrella™ max Air Surface For 40" Frame - Does no','Centrella™ max Air Surface For 40" Frame - Does not include blower','CNT-BASE','','','','',1,'AZEPEDA','20221017','0.0.0.0',NULL,'',NULL)
INSERT INTO Cat_Item VALUES ('P7922A03','US','ACCE','BEDSURFACE','THSUR','NA',NULL,'Centrella™ MAX Air Surface with X-Ray Sleeve For 3','Centrella™ MAX Air Surface with X-Ray Sleeve For 36" Frame (Does not include blower) AU - NZ - AE - SA only','CNT-BASE','','','','',1,'AZEPEDA','20221017','0.0.0.0',NULL,'',NULL)
INSERT INTO Cat_Item VALUES ('P7923A01','US','ACCE','BEDSURFACE','THSUR','NA',NULL,'Centrella™ Pro+ Surface 36" WIDE WITH X-RAY (Integ','Centrella™ Pro+ Surface 36" WIDE WITH X-RAY (Integrated)','CNT-BASE','','','','',1,'AZEPEDA','20221017','0.0.0.0',NULL,'',NULL)
INSERT INTO Cat_Item VALUES ('P7923A02','US','ACCE','BEDSURFACE','THSUR','NA',NULL,'Centrella™ Pro+ Surface 40" WIDE WITH X-RAY (Integ','Centrella™ Pro+ Surface 40" WIDE WITH X-RAY (Integrated)','CNT-BASE','','','','',1,'AZEPEDA','20221017','0.0.0.0',NULL,'',NULL)
INSERT INTO Cat_Item VALUES ('P7923A03','US','ACCE','BEDSURFACE','THSUR','NA',NULL,'Centrella™ Pro+ Surface 36" WIDE W/O X-RAY (Integr','Centrella™ Pro+ Surface 36" WIDE W/O X-RAY (Integrated)','CNT-BASE','','','','',1,'AZEPEDA','20221017','0.0.0.0',NULL,'',NULL)
INSERT INTO Cat_Item VALUES ('P7923A04','US','ACCE','BEDSURFACE','THSUR','NA',NULL,'Centrella™ Pro+ Surface 40" WIDE W/O X-RAY (Integr','Centrella™ Pro+ Surface 40" WIDE W/O X-RAY (Integrated)','CNT-BASE','','','','',1,'AZEPEDA','20221017','0.0.0.0',NULL,'',NULL)
INSERT INTO Cat_Item VALUES ('P7933A20','US','ACCE','BEDSURFACE','THSUR','NA',NULL,'Upgrade Kit to Upgrade a Non-Powered Centrella Fra','Upgrade Kit to Upgrade a Non-Powered Centrella Frame to Powered (Installation Included)','CNT-BASE','','','','',1,'AZEPEDA','20221017','0.0.0.0',NULL,'',NULL)
INSERT INTO Cat_Item VALUES ('P7926A03','US','ACCE','BEDACCESOR','OTHERS','NA',NULL,'Experience Pod Standard without Entertainment','Experience Pod Standard without Entertainment','CNT-BASE','','','','',1,'AZEPEDA','20221017','0.0.0.0',NULL,'',NULL)
INSERT INTO Cat_Item VALUES ('P7926A04','US','ACCE','BEDACCESOR','OTHERS','NA',NULL,'Experience Pod Standard with Entertainment','Experience Pod Standard with Entertainment','CNT-BASE','','','','',1,'AZEPEDA','20221017','0.0.0.0',NULL,'',NULL)
INSERT INTO Cat_Item VALUES ('P7926A05','US','ACCE','BEDACCESOR','OTHERS','NA',NULL,'Experience Pod Premium without Entertainment','Experience Pod Premium without Entertainment','CNT-BASE','','','','',1,'AZEPEDA','20221017','0.0.0.0',NULL,'',NULL)
INSERT INTO Cat_Item VALUES ('P7926A06','US','ACCE','BEDACCESOR','OTHERS','NA',NULL,'Experience Pod Premium with Entertainment','Experience Pod Premium with Entertainment','CNT-BASE','','','','',1,'AZEPEDA','20221017','0.0.0.0',NULL,'',NULL)
INSERT INTO Cat_Item VALUES ('P7927A1','US','ACCE','BEDACCESOR','OTHERS','NA',NULL,'Foot End Traction Adaptor - Head End Included in F','Foot End Traction Adaptor - Head End Included in Frame','CNT-BASE','','','','',1,'AZEPEDA','20221017','0.0.0.0',NULL,'',NULL)
INSERT INTO Cat_Item VALUES ('P7928A','US','ACCE','BEDACCESOR','OTHERS','NA',NULL,'Patient Helper Bracket - Zimmer, OSI, TMI for olde','Patient Helper Bracket - Zimmer, OSI, TMI for older (P7900B0) base frame beds','CNT-BASE','','','','',1,'AZEPEDA','20221017','0.0.0.0',NULL,'',NULL)
INSERT INTO Cat_Item VALUES ('P7929C','US','ACCE','BEDACCESOR','OTHERS','NA',NULL,'Ergonomic Push Handles','Ergonomic Push Handles','CNT-BASE','','','','',1,'AZEPEDA','20221017','0.0.0.0',NULL,'',NULL)
INSERT INTO Cat_Item VALUES ('P7932B03','US','ACCE','BEDACCESOR','OTHERS','NA',NULL,'Pendant w/o Air w/o Entertainment ','Pendant w/o Air w/o Entertainment ','CNT-BASE','','','','',1,'AZEPEDA','20221017','0.0.0.0',NULL,'',NULL)
INSERT INTO Cat_Item VALUES ('P7932B04','US','ACCE','BEDACCESOR','OTHERS','NA',NULL,'Pendant w/o Air w/Entertainment','Pendant w/o Air w/Entertainment','CNT-BASE','','','','',1,'AZEPEDA','20221017','0.0.0.0',NULL,'',NULL)
INSERT INTO Cat_Item VALUES ('P7932B05','US','ACCE','BEDACCESOR','OTHERS','NA',NULL,'Pendant w/Air w/o Entertainment','Pendant w/Air w/o Entertainment','CNT-BASE','','','','',1,'AZEPEDA','20221017','0.0.0.0',NULL,'',NULL)
INSERT INTO Cat_Item VALUES ('P7932B06','US','ACCE','BEDACCESOR','OTHERS','NA',NULL,'Pendant w/Air w/Entertainment','Pendant w/Air w/Entertainment','CNT-BASE','','','','',1,'AZEPEDA','20221017','0.0.0.0',NULL,'',NULL)
INSERT INTO Cat_Item VALUES ('P7934A101','US','ACCE','BEDACCESOR','OTHERS','NA',NULL,'Patient Helper Assembly - Whole System Includes ar','Patient Helper Assembly - Whole System Includes arm and trapeze handle','CNT-BASE','','','','',1,'AZEPEDA','20221017','0.0.0.0',NULL,'',NULL)
INSERT INTO Cat_Item VALUES ('P7935A','US','ACCE','BEDACCESOR','OTHERS','NA',NULL,'Patient Helper Bracket','Patient Helper Bracket','CNT-BASE','','','','',1,'AZEPEDA','20221017','0.0.0.0',NULL,'',NULL)
INSERT INTO Cat_Item VALUES ('P7936A1','US','ACCE','BEDACCESOR','OTHERS','NA',NULL,'Patient Helper Arm, English','Patient Helper Arm, English','CNT-BASE','','','','',1,'AZEPEDA','20221017','0.0.0.0',NULL,'',NULL)
INSERT INTO Cat_Item VALUES ('P7938A','US','ACCE','BEDACCESOR','OTHERS','NA',NULL,'Patient Helper Bracket (Zimmer, OSI, TMI) for newe','Patient Helper Bracket (Zimmer, OSI, TMI) for newer (P7900B1) base frame beds','CNT-BASE','','','','',1,'AZEPEDA','20221017','0.0.0.0',NULL,'',NULL)
INSERT INTO Cat_Item VALUES ('P009408','US','ACCE','BEDACCESOR','OTHERS','NA',NULL,'O2 Tank Holder - 150mm ','O2 Tank Holder - 150mm ','CNT-BASE','','','','',1,'AZEPEDA','20221017','0.0.0.0',NULL,'',NULL)
INSERT INTO Cat_Item VALUES ('P27601.','US','ACCE','MISCACCESO','OTHERS','NA',NULL,'Vertical Oxygen Tank Holder','Vertical Oxygen Tank Holder','CNT-BASE','','','','',1,'AZEPEDA','20221017','0.0.0.0',NULL,'',NULL)
INSERT INTO Cat_Item VALUES ('P7511A.','US','ACCE','MISCACCESO','PROGR','NA',NULL,'Permanent IV Pole','Permanent IV Pole','CNT-BASE','','','','',1,'AZEPEDA','20221017','0.0.0.0',NULL,'',NULL)
INSERT INTO Cat_Item VALUES ('P7512A.','US','ACCE','MISCACCESO','PROGR','NA',NULL,'Line Manager Kit','Line Manager Kit','CNT-BASE','','','','',1,'AZEPEDA','20221017','0.0.0.0',NULL,'',NULL)
INSERT INTO Cat_Item VALUES ('P7524A.','US','ACCE','MISCACCESO','PROGR','NA',NULL,'Transport Shelf','Transport Shelf','CNT-BASE','','','','',1,'AZEPEDA','20221017','0.0.0.0',NULL,'',NULL)
INSERT INTO Cat_Item VALUES ('P7922A02.','US','ACCE','UPGRADEKIT','OTHERS','NA',NULL,'max Air Surface For 40" Frame Comfort Edition - CN','max Air Surface For 40" Frame Comfort Edition - CNB Does not include blower','CNT-BASE','','','','',1,'AZEPEDA','20221017','0.0.0.0',NULL,'',NULL)
INSERT INTO Cat_Item VALUES ('P7933A08','US','ACCE','UPGRADEKIT','OTHERS','NA',NULL,'36" to 40" Comfort Edition Frame Upgrade Kit - Doe','36" to 40" Comfort Edition Frame Upgrade Kit - Does not include surface *','CNT-BASE','','','','',1,'AZEPEDA','20221017','0.0.0.0',NULL,'',NULL)
INSERT INTO Cat_Item VALUES ('P7933A10','US','ACCE','UPGRADEKIT','OTHERS','NA',NULL,'SafeView®+ 40" Comfort Edition Frame Upgrade Kit *','SafeView®+ 40" Comfort Edition Frame Upgrade Kit * ','CNT-BASE','','','','',1,'AZEPEDA','20221017','0.0.0.0',NULL,'',NULL)
INSERT INTO Cat_Item VALUES ('P7933A01','US','ACCE','UPGRADEKIT','OTHERS','NA',NULL,'Intellidrive™ Powered Transport Upgrade Kit *','Intellidrive™ Powered Transport Upgrade Kit *','CNT-BASE','','','','',1,'AZEPEDA','20221017','0.0.0.0',NULL,'',NULL)
INSERT INTO Cat_Item VALUES ('P7933A16','US','ACCE','UPGRADEKIT','OTHERS','NA',NULL,'Sidecom Upgrade Kit','Sidecom Upgrade Kit','CNT-BASE','','','','',1,'AZEPEDA','20221017','0.0.0.0',NULL,'',NULL)
INSERT INTO Cat_Item VALUES ('P7933A18','US','ACCE','UPGRADEKIT','OTHERS','NA',NULL,'Centrella™ Obstacle Detect®  for Centrella "B1" ba','Centrella™ Obstacle Detect®  for Centrella "B1" base frame','CNT-BASE','','','','',1,'AZEPEDA','20221017','0.0.0.0',NULL,'',NULL)
INSERT INTO Cat_Item VALUES ('P7922A01.','US','ACCE','UPGRADEKIT','OTHERS','NA',NULL,'max Air Surface For 36" Frame - Does not include b','max Air Surface For 36" Frame - Does not include blower','CNT-BASE','','','','',1,'AZEPEDA','20221017','0.0.0.0',NULL,'',NULL)
INSERT INTO Cat_Item VALUES ('P7922A02.','US','ACCE','UPGRADEKIT','OTHERS','NA',NULL,'max Air Surface For 40" Frame Comfort Edition - Do','max Air Surface For 40" Frame Comfort Edition - Does not include blower','CNT-BASE','','','','',1,'AZEPEDA','20221017','0.0.0.0',NULL,'',NULL)
INSERT INTO Cat_Item VALUES ('P7933A07','US','ACCE','UPGRADEKIT','OTHERS','NA',NULL,'Non-Powered Frame to max Powered Air Frame Upgrade','Non-Powered Frame to max Powered Air Frame Upgrade Kit - Does not include surface. Must order Centrella™ max *','CNT-BASE','','','','',1,'AZEPEDA','20221017','0.0.0.0',NULL,'',NULL)
INSERT INTO Cat_Item VALUES ('P7933A1301','US','ACCE','UPGRADEKIT','OTHERS','NA',NULL,'GCI® Touchscreen Upgrade Kit with IllumiGuide™ Sid','GCI® Touchscreen Upgrade Kit with IllumiGuide™ Siderail Handgrip. Bed Must Already Have Sidecom *','CNT-BASE','','','','',1,'AZEPEDA','20221017','0.0.0.0',NULL,'',NULL)
INSERT INTO Cat_Item VALUES ('P7933A1302','US','ACCE','UPGRADEKIT','OTHERS','NA',NULL,'GCI® Touchscreen Upgrade Kit without IllumiGuide™ ','GCI® Touchscreen Upgrade Kit without IllumiGuide™ Siderail Handgrip. Bed Must Already Have Sidecom *','CNT-BASE','','','','',1,'AZEPEDA','20221017','0.0.0.0',NULL,'',NULL)
INSERT INTO Cat_Item VALUES ('P7933A1303','US','ACCE','UPGRADEKIT','OTHERS','NA',NULL,'GCI® Touchscreen Upgrade Kit with IllumiGuide™ Sid','GCI® Touchscreen Upgrade Kit with IllumiGuide™ Siderail Handgrip & without Sidecom *','CNT-BASE','','','','',1,'AZEPEDA','20221017','0.0.0.0',NULL,'',NULL)
INSERT INTO Cat_Item VALUES ('P7933A1304','US','ACCE','UPGRADEKIT','OTHERS','NA',NULL,'GCI® Touchscreen Upgrade Kit without IllumiGuide™ ','GCI® Touchscreen Upgrade Kit without IllumiGuide™ Siderail Handgrip & without Sidecom *','CNT-BASE','','','','',1,'AZEPEDA','20221017','0.0.0.0',NULL,'',NULL)
INSERT INTO Cat_Item VALUES ('P7933A04','US','ACCE','UPGRADEKIT','OTHERS','NA',NULL,'SafeView®+ 36" Frame Upgrade Kit *','SafeView®+ 36" Frame Upgrade Kit *','CNT-BASE','','','','',1,'AZEPEDA','20221017','0.0.0.0',NULL,'',NULL)
INSERT INTO Cat_Item VALUES ('ACT-CFCM1','US','ACCE','BEDACCESOR','NA','NA',NULL,'P7900 Centrella™ Contact-Free, Continuous Monitori','P7900 Centrella™ Contact-Free, Continuous Monitoring Sensor Activated One Year','','','','','',1,'AZEPEDA','20221017','0.0.0.0',NULL,'',NULL)
INSERT INTO Cat_Item VALUES ('ACT-CFCM3','US','ACCE','BEDACCESOR','NA','NA',NULL,'P7900 Centrella™ Contact-Free, Continuous Monitori','P7900 Centrella™ Contact-Free, Continuous Monitoring Sensor Activated Three Years','','','','','',1,'AZEPEDA','20221017','0.0.0.0',NULL,'',NULL)
INSERT INTO Cat_Item VALUES ('ACT-CFCM5','US','ACCE','BEDACCESOR','NA','NA',NULL,'P7900 Centrella™ Contact-Free, Continuous Monitori','P7900 Centrella™ Contact-Free, Continuous Monitoring Sensor Activated Five Years','','','','','',1,'AZEPEDA','20221017','0.0.0.0',NULL,'',NULL)
INSERT INTO Cat_Item VALUES ('EXT-CFCM1','US','ACCE','BEDACCESOR','NA','NA',NULL,'P7900 Centrella™ Contact-Free, Continuous Monitori','P7900 Centrella™ Contact-Free, Continuous Monitoring Extended for One Year - No new sensor required','','','','','',1,'AZEPEDA','20221017','0.0.0.0',NULL,'',NULL)
INSERT INTO Cat_Item VALUES ('EXT-CFCM2','US','ACCE','BEDACCESOR','NA','NA',NULL,'P7900 Centrella™ Contact-Free, Continuous Monitori','P7900 Centrella™ Contact-Free, Continuous Monitoring Extended for Two Years - No new sensor required','','','','','',1,'AZEPEDA','20221017','0.0.0.0',NULL,'',NULL)
INSERT INTO Cat_Item VALUES ('EXT-CFCM3','US','ACCE','BEDACCESOR','NA','NA',NULL,'P7900 Centrella™ Contact-Free, Continuous Monitori','P7900 Centrella™ Contact-Free, Continuous Monitoring Extended for Three Years - No new sensor required','','','','','',1,'AZEPEDA','20221017','0.0.0.0',NULL,'',NULL)
INSERT INTO Cat_Item VALUES ('EXT-CFCM4','US','ACCE','BEDACCESOR','NA','NA',NULL,'P7900 Centrella™ Contact-Free, Continuous Monitori','P7900 Centrella™ Contact-Free, Continuous Monitoring Extended for Four Years - No new sensor required','','','','','',1,'AZEPEDA','20221017','0.0.0.0',NULL,'',NULL)
INSERT INTO Cat_Item VALUES ('UPG-CFCM1','US','ACCE','BEDACCESOR','NA','NA',NULL,'Centrella™ Contact-Free, Continuous Monitoring Upg','Centrella™ Contact-Free, Continuous Monitoring Upgrade (REV A and Base beds Only) - Includes installation by a Hill-Rom Certified Technician and One Year Activation','','','','','',1,'AZEPEDA','20221017','0.0.0.0',NULL,'',NULL)
INSERT INTO Cat_Item VALUES ('UPG-CFCM3','US','ACCE','BEDACCESOR','NA','NA',NULL,'Centrella™ Contact-Free, Continuous Monitoring Upg','Centrella™ Contact-Free, Continuous Monitoring Upgrade (REV A and Base beds Only) - Includes installation by a Hill-Rom Certified Technician and Three Year Activation','','','','','',1,'AZEPEDA','20221017','0.0.0.0',NULL,'',NULL)
INSERT INTO Cat_Item VALUES ('UPG-CFCM5','US','ACCE','BEDACCESOR','NA','NA',NULL,'Centrella™ Contact-Free, Continuous Monitoring Upg','Centrella™ Contact-Free, Continuous Monitoring Upgrade (REV A and Base beds Only) - Includes installation by a Hill-Rom Certified Technician and Five Year Activation','','','','','',1,'AZEPEDA','20221017','0.0.0.0',NULL,'',NULL)
INSERT INTO Cat_Item VALUES ('RENW-CFCM1','US','ACCE','BEDACCESOR','NA','NA',NULL,'P7900 Centrella™ Contact-Free, Continuous Monitori','P7900 Centrella™ Contact-Free, Continuous Monitoring One Year with new sensor','','','','','',1,'AZEPEDA','20221017','0.0.0.0',NULL,'',NULL)
INSERT INTO Cat_Item VALUES ('RENW-CFCM2','US','ACCE','BEDACCESOR','NA','NA',NULL,'P7900 Centrella™ Contact-Free, Continuous Monitori','P7900 Centrella™ Contact-Free, Continuous Monitoring Two Years with new sensor','','','','','',1,'AZEPEDA','20221017','0.0.0.0',NULL,'',NULL)
INSERT INTO Cat_Item VALUES ('RENW-CFCM3','US','ACCE','BEDACCESOR','NA','NA',NULL,'P7900 Centrella™ Contact-Free, Continuous Monitori','P7900 Centrella™ Contact-Free, Continuous Monitoring Three Years with new sensor','','','','','',1,'AZEPEDA','20221017','0.0.0.0',NULL,'',NULL)
INSERT INTO Cat_Item VALUES ('RENW-CFCM4','US','ACCE','BEDACCESOR','NA','NA',NULL,'P7900 Centrella™ Contact-Free, Continuous Monitori','P7900 Centrella™ Contact-Free, Continuous Monitoring Four Years with new sensor','','','','','',1,'AZEPEDA','20221017','0.0.0.0',NULL,'',NULL)
INSERT INTO Cat_Item VALUES ('RENW-CFCM5','US','ACCE','BEDACCESOR','NA','NA',NULL,'P7900 Centrella™ Contact-Free, Continuous Monitori','P7900 Centrella™ Contact-Free, Continuous Monitoring Five Years with new sensor','','','','','',1,'AZEPEDA','20221017','0.0.0.0',NULL,'',NULL)

--COMMIT
/*================================================================================*/
--CATALOGO DE CAT_FAMILIES_CATEGORIES
/*================================================================================*/
BEGIN TRAN 
INSERT INTO Cat_Families_Categories VALUES ('HOB','MES','CENTIN',1,'AZEPEDA','20221017','0.0.0.0')
--COMMIT

/*================================================================================*/
--ITEMS_CONFIGURATION
/*================================================================================*/
BEGIN TRAN 
INSERT INTO Items_Configuration VALUES ('HOB','MES','CENTIN','CNT-BASE',1,'AZEPEDA','20221017','0.0.0.0')
INSERT INTO Items_Configuration VALUES ('HOB','MES','CENTIN','CNT-PAK255 - 1',1,'AZEPEDA','20221017','0.0.0.0')
INSERT INTO Items_Configuration VALUES ('HOB','MES','CENTIN','CNT-PAK255 - 2',1,'AZEPEDA','20221017','0.0.0.0')
INSERT INTO Items_Configuration VALUES ('HOB','MES','CENTIN','CNT-PAK355 - 1',1,'AZEPEDA','20221017','0.0.0.0')
INSERT INTO Items_Configuration VALUES ('HOB','MES','CENTIN','CNT-PAK355 - 2',1,'AZEPEDA','20221017','0.0.0.0')
--COMMIT

/*================================================================================*/
--ITEMS_TEMPLATES
/*================================================================================*/
BEGIN TRAN 

INSERT INTO Items_Templates VALUES ('CNT-BASE','HOB','MES','CENTIN','AIR-36','MAIN',1,0,17880.24,0,0,'AZEPEDA','20221017','0.0.0.0')
INSERT INTO Items_Templates VALUES ('CNT-BASE','HOB','MES','CENTIN','AIR-40','MAIN',1,0,18430.08,0,0,'AZEPEDA','20221017','0.0.0.0')
INSERT INTO Items_Templates VALUES ('CNT-BASE','HOB','MES','CENTIN','AIR-40.','MAIN',1,0,0,0,0,'AZEPEDA','20221017','0.0.0.0')
INSERT INTO Items_Templates VALUES ('CNT-BASE','HOB','MES','CENTIN','NPAIR-36','MAIN',1,0,2148.32,0,0,'AZEPEDA','20221017','0.0.0.0')
INSERT INTO Items_Templates VALUES ('CNT-BASE','HOB','MES','CENTIN','NPAIR-40','MAIN',1,0,2698.16,0,0,'AZEPEDA','20221017','0.0.0.0')
INSERT INTO Items_Templates VALUES ('CNT-BASE','HOB','MES','CENTIN','FOAM-36','MAIN',1,0,1258.6,0,0,'AZEPEDA','20221017','0.0.0.0')
INSERT INTO Items_Templates VALUES ('CNT-BASE','HOB','MES','CENTIN','PP3','MAIN',1,0,6761.46153846154,0,0,'AZEPEDA','20221017','0.0.0.0')
INSERT INTO Items_Templates VALUES ('CNT-BASE','HOB','MES','CENTIN','PP3X','MAIN',1,0,7110.57692307692,0,0,'AZEPEDA','20221017','0.0.0.0')
INSERT INTO Items_Templates VALUES ('CNT-BASE','HOB','MES','CENTIN','PP4','MAIN',1,0,6223.84615384615,0,0,'AZEPEDA','20221017','0.0.0.0')
INSERT INTO Items_Templates VALUES ('CNT-BASE','HOB','MES','CENTIN','PP4X','MAIN',1,0,6572.96153846154,0,0,'AZEPEDA','20221017','0.0.0.0')
INSERT INTO Items_Templates VALUES ('CNT-BASE','HOB','MES','CENTIN','36','MAIN',1,0,0,0,0,'AZEPEDA','20221017','0.0.0.0')
INSERT INTO Items_Templates VALUES ('CNT-BASE','HOB','MES','CENTIN','40','MAIN',1,0,5501.88,0,0,'AZEPEDA','20221017','0.0.0.0')
INSERT INTO Items_Templates VALUES ('CNT-BASE','HOB','MES','CENTIN','SNC.','MAIN',1,0,1378.08,0,0,'AZEPEDA','20221017','0.0.0.0')
INSERT INTO Items_Templates VALUES ('CNT-BASE','HOB','MES','CENTIN','NUL.','MAIN',1,0,1378.08,0,0,'AZEPEDA','20221017','0.0.0.0')
INSERT INTO Items_Templates VALUES ('CNT-BASE','HOB','MES','CENTIN','BASIC','MAIN',1,0,1762.30769230769,0,0,'AZEPEDA','20221017','0.0.0.0')
INSERT INTO Items_Templates VALUES ('CNT-BASE','HOB','MES','CENTIN','STD.','MAIN',1,0,2404.68,0,0,'AZEPEDA','20221017','0.0.0.0')
INSERT INTO Items_Templates VALUES ('CNT-BASE','HOB','MES','CENTIN','5W..','MAIN',1,0,928,0,0,'AZEPEDA','20221017','0.0.0.0')
INSERT INTO Items_Templates VALUES ('CNT-BASE','HOB','MES','CENTIN','ID.','MAIN',1,0,7198.96,0,0,'AZEPEDA','20221017','0.0.0.0')
INSERT INTO Items_Templates VALUES ('CNT-BASE','HOB','MES','CENTIN','YES*','MAIN',1,0,250.56,0,0,'AZEPEDA','20221017','0.0.0.0')
INSERT INTO Items_Templates VALUES ('CNT-BASE','HOB','MES','CENTIN','YES.','MAIN',1,0,250.56,0,0,'AZEPEDA','20221017','0.0.0.0')
INSERT INTO Items_Templates VALUES ('CNT-BASE','HOB','MES','CENTIN','SV','MAIN',1,0,1607.76,0,0,'AZEPEDA','20221017','0.0.0.0')
INSERT INTO Items_Templates VALUES ('CNT-BASE','HOB','MES','CENTIN','2LCD','MAIN',1,0,387.44,0,0,'AZEPEDA','20221017','0.0.0.0')
INSERT INTO Items_Templates VALUES ('CNT-BASE','HOB','MES','CENTIN','LM.','MAIN',1,0,245.92,0,0,'AZEPEDA','20221017','0.0.0.0')
INSERT INTO Items_Templates VALUES ('CNT-BASE','HOB','MES','CENTIN','YES..','MAIN',1,0,0,0,0,'AZEPEDA','20221017','0.0.0.0')
INSERT INTO Items_Templates VALUES ('CNT-BASE','HOB','MES','CENTIN','YES…','MAIN',1,0,425.72,0,0,'AZEPEDA','20221017','0.0.0.0')
INSERT INTO Items_Templates VALUES ('CNT-BASE','HOB','MES','CENTIN','OSI','MAIN',1,0,532.44,0,0,'AZEPEDA','20221017','0.0.0.0')
INSERT INTO Items_Templates VALUES ('CNT-BASE','HOB','MES','CENTIN','PHB','MAIN',1,0,265.64,0,0,'AZEPEDA','20221017','0.0.0.0')
INSERT INTO Items_Templates VALUES ('CNT-BASE','HOB','MES','CENTIN','FTA','MAIN',1,0,162.4,0,0,'AZEPEDA','20221017','0.0.0.0')
INSERT INTO Items_Templates VALUES ('CNT-BASE','HOB','MES','CENTIN','TS*','MAIN',1,0,530.12,0,0,'AZEPEDA','20221017','0.0.0.0')
INSERT INTO Items_Templates VALUES ('CNT-BASE','HOB','MES','CENTIN','PH*','MAIN',1,0,264.48,0,0,'AZEPEDA','20221017','0.0.0.0')
INSERT INTO Items_Templates VALUES ('CNT-BASE','HOB','MES','CENTIN','BLO','MAIN',1,0,4810.65384615385,0,0,'AZEPEDA','20221017','0.0.0.0')
INSERT INTO Items_Templates VALUES ('CNT-BASE','HOB','MES','CENTIN','OD','MAIN',1,0,222.72,0,0,'AZEPEDA','20221017','0.0.0.0')
INSERT INTO Items_Templates VALUES ('CNT-BASE','HOB','MES','CENTIN','XRAY','MAIN',1,0,846.8,0,0,'AZEPEDA','20221017','0.0.0.0')
INSERT INTO Items_Templates VALUES ('CNT-BASE','HOB','MES','CENTIN','P7920A','MAIN',1,0,1258.6,0,0,'AZEPEDA','20221017','0.0.0.0')
INSERT INTO Items_Templates VALUES ('CNT-BASE','HOB','MES','CENTIN','P7921A01','MAIN',1,0,2148.32,0,0,'AZEPEDA','20221017','0.0.0.0')
INSERT INTO Items_Templates VALUES ('CNT-BASE','HOB','MES','CENTIN','P7921A02','MAIN',1,0,2698.16,0,0,'AZEPEDA','20221017','0.0.0.0')
INSERT INTO Items_Templates VALUES ('CNT-BASE','HOB','MES','CENTIN','P7922A01','MAIN',1,0,12720.9615384615,0,0,'AZEPEDA','20221017','0.0.0.0')
INSERT INTO Items_Templates VALUES ('CNT-BASE','HOB','MES','CENTIN','P7922A02','MAIN',1,0,13256.3461538462,0,0,'AZEPEDA','20221017','0.0.0.0')
INSERT INTO Items_Templates VALUES ('CNT-BASE','HOB','MES','CENTIN','P7922A03','MAIN',1,0,13916.6538461538,0,0,'AZEPEDA','20221017','0.0.0.0')
INSERT INTO Items_Templates VALUES ('CNT-BASE','HOB','MES','CENTIN','P7923A01','MAIN',1,0,6761.46153846154,0,0,'AZEPEDA','20221017','0.0.0.0')
INSERT INTO Items_Templates VALUES ('CNT-BASE','HOB','MES','CENTIN','P7923A02','MAIN',1,0,7110.57692307692,0,0,'AZEPEDA','20221017','0.0.0.0')
INSERT INTO Items_Templates VALUES ('CNT-BASE','HOB','MES','CENTIN','P7923A03','MAIN',1,0,6223.84615384615,0,0,'AZEPEDA','20221017','0.0.0.0')
INSERT INTO Items_Templates VALUES ('CNT-BASE','HOB','MES','CENTIN','P7923A04','MAIN',1,0,6572.96153846154,0,0,'AZEPEDA','20221017','0.0.0.0')
INSERT INTO Items_Templates VALUES ('CNT-BASE','HOB','MES','CENTIN','P7933A20','MAIN',1,0,685.961538461538,0,0,'AZEPEDA','20221017','0.0.0.0')
INSERT INTO Items_Templates VALUES ('CNT-BASE','HOB','MES','CENTIN','P7926A03','MAIN',1,0,2656.84615384615,0,0,'AZEPEDA','20221017','0.0.0.0')
INSERT INTO Items_Templates VALUES ('CNT-BASE','HOB','MES','CENTIN','P7926A04','MAIN',1,0,2656.84615384615,0,0,'AZEPEDA','20221017','0.0.0.0')
INSERT INTO Items_Templates VALUES ('CNT-BASE','HOB','MES','CENTIN','P7926A05','MAIN',1,0,2656.84615384615,0,0,'AZEPEDA','20221017','0.0.0.0')
INSERT INTO Items_Templates VALUES ('CNT-BASE','HOB','MES','CENTIN','P7926A06','MAIN',1,0,2656.84615384615,0,0,'AZEPEDA','20221017','0.0.0.0')
INSERT INTO Items_Templates VALUES ('CNT-BASE','HOB','MES','CENTIN','P7927A1','MAIN',1,0,162.846153846154,0,0,'AZEPEDA','20221017','0.0.0.0')
INSERT INTO Items_Templates VALUES ('CNT-BASE','HOB','MES','CENTIN','P7928A','MAIN',1,0,257.653846153846,0,0,'AZEPEDA','20221017','0.0.0.0')
INSERT INTO Items_Templates VALUES ('CNT-BASE','HOB','MES','CENTIN','P7929C','MAIN',1,0,264.346153846154,0,0,'AZEPEDA','20221017','0.0.0.0')
INSERT INTO Items_Templates VALUES ('CNT-BASE','HOB','MES','CENTIN','P7932B03','MAIN',1,0,250.961538461538,0,0,'AZEPEDA','20221017','0.0.0.0')
INSERT INTO Items_Templates VALUES ('CNT-BASE','HOB','MES','CENTIN','P7932B04','MAIN',1,0,250.961538461538,0,0,'AZEPEDA','20221017','0.0.0.0')
INSERT INTO Items_Templates VALUES ('CNT-BASE','HOB','MES','CENTIN','P7932B05','MAIN',1,0,250.961538461538,0,0,'AZEPEDA','20221017','0.0.0.0')
INSERT INTO Items_Templates VALUES ('CNT-BASE','HOB','MES','CENTIN','P7932B06','MAIN',1,0,250.961538461538,0,0,'AZEPEDA','20221017','0.0.0.0')
INSERT INTO Items_Templates VALUES ('CNT-BASE','HOB','MES','CENTIN','P7934A101','MAIN',1,0,2521.88461538462,0,0,'AZEPEDA','20221017','0.0.0.0')
INSERT INTO Items_Templates VALUES ('CNT-BASE','HOB','MES','CENTIN','P7935A','MAIN',1,0,265.461538461538,0,0,'AZEPEDA','20221017','0.0.0.0')
INSERT INTO Items_Templates VALUES ('CNT-BASE','HOB','MES','CENTIN','P7936A1','MAIN',1,0,2264.23076923077,0,0,'AZEPEDA','20221017','0.0.0.0')
INSERT INTO Items_Templates VALUES ('CNT-BASE','HOB','MES','CENTIN','P7938A','MAIN',1,0,265.461538461538,0,0,'AZEPEDA','20221017','0.0.0.0')
INSERT INTO Items_Templates VALUES ('CNT-BASE','HOB','MES','CENTIN','P009408','MAIN',1,0,232,0,0,'AZEPEDA','20221017','0.0.0.0')
INSERT INTO Items_Templates VALUES ('CNT-BASE','HOB','MES','CENTIN','P27601.','MAIN',1,0,446.153846153846,0,0,'AZEPEDA','20221017','0.0.0.0')
INSERT INTO Items_Templates VALUES ('CNT-BASE','HOB','MES','CENTIN','P7511A.','MAIN',1,0,410.461538461538,0,0,'AZEPEDA','20221017','0.0.0.0')
INSERT INTO Items_Templates VALUES ('CNT-BASE','HOB','MES','CENTIN','P7512A.','MAIN',1,0,229.769230769231,0,0,'AZEPEDA','20221017','0.0.0.0')
INSERT INTO Items_Templates VALUES ('CNT-BASE','HOB','MES','CENTIN','P7524A.','MAIN',1,0,516.423076923077,0,0,'AZEPEDA','20221017','0.0.0.0')
INSERT INTO Items_Templates VALUES ('CNT-BASE','HOB','MES','CENTIN','P7922A02.','MAIN',1,0,13256.3461538462,0,0,'AZEPEDA','20221017','0.0.0.0')
INSERT INTO Items_Templates VALUES ('CNT-BASE','HOB','MES','CENTIN','P7933A08','MAIN',1,0,5353.84615384615,0,0,'AZEPEDA','20221017','0.0.0.0')
INSERT INTO Items_Templates VALUES ('CNT-BASE','HOB','MES','CENTIN','P7933A10','MAIN',1,0,1534.76923076923,0,0,'AZEPEDA','20221017','0.0.0.0')
INSERT INTO Items_Templates VALUES ('CNT-BASE','HOB','MES','CENTIN','P7933A01','MAIN',1,0,7004.61538461538,0,0,'AZEPEDA','20221017','0.0.0.0')
INSERT INTO Items_Templates VALUES ('CNT-BASE','HOB','MES','CENTIN','P7933A16','MAIN',1,0,2499.57692307692,0,0,'AZEPEDA','20221017','0.0.0.0')
INSERT INTO Items_Templates VALUES ('CNT-BASE','HOB','MES','CENTIN','P7933A18','MAIN',1,0,585.576923076923,0,0,'AZEPEDA','20221017','0.0.0.0')
INSERT INTO Items_Templates VALUES ('CNT-BASE','HOB','MES','CENTIN','P7922A01.','MAIN',1,0,12720.9615384615,0,0,'AZEPEDA','20221017','0.0.0.0')
--INSERT INTO Items_Templates VALUES ('CNT-BASE','HOB','MES','CENTIN','P7922A02.','MAIN',1,0,13256.3461538462,0,0,'AZEPEDA','20221017','0.0.0.0')
INSERT INTO Items_Templates VALUES ('CNT-BASE','HOB','MES','CENTIN','P7933A07','MAIN',1,0,4679.03846153846,0,0,'AZEPEDA','20221017','0.0.0.0')
INSERT INTO Items_Templates VALUES ('CNT-BASE','HOB','MES','CENTIN','P7933A1301','MAIN',1,0,2505.15384615385,0,0,'AZEPEDA','20221017','0.0.0.0')
INSERT INTO Items_Templates VALUES ('CNT-BASE','HOB','MES','CENTIN','P7933A1302','MAIN',1,0,2237.46153846154,0,0,'AZEPEDA','20221017','0.0.0.0')
INSERT INTO Items_Templates VALUES ('CNT-BASE','HOB','MES','CENTIN','P7933A1303','MAIN',1,0,2369.07692307692,0,0,'AZEPEDA','20221017','0.0.0.0')
INSERT INTO Items_Templates VALUES ('CNT-BASE','HOB','MES','CENTIN','P7933A1304','MAIN',1,0,2100.26923076923,0,0,'AZEPEDA','20221017','0.0.0.0')
INSERT INTO Items_Templates VALUES ('CNT-BASE','HOB','MES','CENTIN','P7933A04','MAIN',1,0,1524.73076923077,0,0,'AZEPEDA','20221017','0.0.0.0')
INSERT INTO Items_Templates VALUES ('CNT-BASE','HOB','MES','CENTIN','ACT-CFCM1','MAIN',1,0,2498.46153846154,0,0,'AZEPEDA','20221017','0.0.0.0')
INSERT INTO Items_Templates VALUES ('CNT-BASE','HOB','MES','CENTIN','ACT-CFCM3','MAIN',1,0,5713,0,0,'AZEPEDA','20221017','0.0.0.0')
INSERT INTO Items_Templates VALUES ('CNT-BASE','HOB','MES','CENTIN','ACT-CFCM5','MAIN',1,0,8387.69230769231,0,0,'AZEPEDA','20221017','0.0.0.0')
INSERT INTO Items_Templates VALUES ('CNT-BASE','HOB','MES','CENTIN','EXT-CFCM1','MAIN',1,0,2141.53846153846,0,0,'AZEPEDA','20221017','0.0.0.0')
INSERT INTO Items_Templates VALUES ('CNT-BASE','HOB','MES','CENTIN','EXT-CFCM2','MAIN',1,0,3926.15384615385,0,0,'AZEPEDA','20221017','0.0.0.0')
INSERT INTO Items_Templates VALUES ('CNT-BASE','HOB','MES','CENTIN','EXT-CFCM3','MAIN',1,0,5353.84615384615,0,0,'AZEPEDA','20221017','0.0.0.0')
INSERT INTO Items_Templates VALUES ('CNT-BASE','HOB','MES','CENTIN','EXT-CFCM4','MAIN',1,0,6781.53846153846,0,0,'AZEPEDA','20221017','0.0.0.0')
INSERT INTO Items_Templates VALUES ('CNT-BASE','HOB','MES','CENTIN','UPG-CFCM1','MAIN',1,0,2498.46153846154,0,0,'AZEPEDA','20221017','0.0.0.0')
INSERT INTO Items_Templates VALUES ('CNT-BASE','HOB','MES','CENTIN','UPG-CFCM3','MAIN',1,0,5713,0,0,'AZEPEDA','20221017','0.0.0.0')
INSERT INTO Items_Templates VALUES ('CNT-BASE','HOB','MES','CENTIN','UPG-CFCM5','MAIN',1,0,8387.69230769231,0,0,'AZEPEDA','20221017','0.0.0.0')
INSERT INTO Items_Templates VALUES ('CNT-BASE','HOB','MES','CENTIN','RENW-CFCM1','MAIN',1,0,2141.53846153846,0,0,'AZEPEDA','20221017','0.0.0.0')
INSERT INTO Items_Templates VALUES ('CNT-BASE','HOB','MES','CENTIN','RENW-CFCM2','MAIN',1,0,3926.15384615385,0,0,'AZEPEDA','20221017','0.0.0.0')
INSERT INTO Items_Templates VALUES ('CNT-BASE','HOB','MES','CENTIN','RENW-CFCM3','MAIN',1,0,5353.84615384615,0,0,'AZEPEDA','20221017','0.0.0.0')
INSERT INTO Items_Templates VALUES ('CNT-BASE','HOB','MES','CENTIN','RENW-CFCM4','MAIN',1,0,6781.53846153846,0,0,'AZEPEDA','20221017','0.0.0.0')
INSERT INTO Items_Templates VALUES ('CNT-BASE','HOB','MES','CENTIN','RENW-CFCM5','MAIN',1,0,8030.76923076923,0,0,'AZEPEDA','20221017','0.0.0.0')
INSERT INTO Items_Templates VALUES ('CNT-PAK355 - 1','HOB','MES','CENTIN','AIR-36','MAIN',1,0,17880.24,0,0,'AZEPEDA','20221017','0.0.0.0')
INSERT INTO Items_Templates VALUES ('CNT-PAK355 - 1','HOB','MES','CENTIN','AIR-40','MAIN',1,0,18430.08,0,0,'AZEPEDA','20221017','0.0.0.0')
INSERT INTO Items_Templates VALUES ('CNT-PAK355 - 1','HOB','MES','CENTIN','AIR-40.','MAIN',1,0,0,0,0,'AZEPEDA','20221017','0.0.0.0')
INSERT INTO Items_Templates VALUES ('CNT-PAK355 - 1','HOB','MES','CENTIN','NPAIR-36','MAIN',1,0,2148.32,0,0,'AZEPEDA','20221017','0.0.0.0')
INSERT INTO Items_Templates VALUES ('CNT-PAK355 - 1','HOB','MES','CENTIN','NPAIR-40','MAIN',1,0,2698.16,0,0,'AZEPEDA','20221017','0.0.0.0')
INSERT INTO Items_Templates VALUES ('CNT-PAK355 - 1','HOB','MES','CENTIN','FOAM-36','MAIN',1,0,1258.6,0,0,'AZEPEDA','20221017','0.0.0.0')
INSERT INTO Items_Templates VALUES ('CNT-PAK355 - 1','HOB','MES','CENTIN','PP3','MAIN',1,0,6761.46153846154,0,0,'AZEPEDA','20221017','0.0.0.0')
INSERT INTO Items_Templates VALUES ('CNT-PAK355 - 1','HOB','MES','CENTIN','PP3X','MAIN',1,0,7110.57692307692,0,0,'AZEPEDA','20221017','0.0.0.0')
INSERT INTO Items_Templates VALUES ('CNT-PAK355 - 1','HOB','MES','CENTIN','PP4','MAIN',1,0,6223.84615384615,0,0,'AZEPEDA','20221017','0.0.0.0')
INSERT INTO Items_Templates VALUES ('CNT-PAK355 - 1','HOB','MES','CENTIN','PP4X','MAIN',1,0,6572.96153846154,0,0,'AZEPEDA','20221017','0.0.0.0')
INSERT INTO Items_Templates VALUES ('CNT-PAK355 - 1','HOB','MES','CENTIN','36','MAIN',1,0,0,0,0,'AZEPEDA','20221017','0.0.0.0')
INSERT INTO Items_Templates VALUES ('CNT-PAK355 - 1','HOB','MES','CENTIN','40','MAIN',1,0,5501.88,0,0,'AZEPEDA','20221017','0.0.0.0')
INSERT INTO Items_Templates VALUES ('CNT-PAK355 - 1','HOB','MES','CENTIN','SNC.','MAIN',1,0,1378.08,0,0,'AZEPEDA','20221017','0.0.0.0')
INSERT INTO Items_Templates VALUES ('CNT-PAK355 - 1','HOB','MES','CENTIN','NUL.','MAIN',1,0,1378.08,0,0,'AZEPEDA','20221017','0.0.0.0')
INSERT INTO Items_Templates VALUES ('CNT-PAK355 - 1','HOB','MES','CENTIN','BASIC','MAIN',1,0,1762.30769230769,0,0,'AZEPEDA','20221017','0.0.0.0')
INSERT INTO Items_Templates VALUES ('CNT-PAK355 - 1','HOB','MES','CENTIN','STD.','MAIN',1,0,2404.68,0,0,'AZEPEDA','20221017','0.0.0.0')
INSERT INTO Items_Templates VALUES ('CNT-PAK355 - 1','HOB','MES','CENTIN','5W..','MAIN',1,0,928,0,0,'AZEPEDA','20221017','0.0.0.0')
INSERT INTO Items_Templates VALUES ('CNT-PAK355 - 1','HOB','MES','CENTIN','ID.','MAIN',1,0,7198.96,0,0,'AZEPEDA','20221017','0.0.0.0')
INSERT INTO Items_Templates VALUES ('CNT-PAK355 - 1','HOB','MES','CENTIN','YES*','MAIN',1,0,0,0,0,'AZEPEDA','20221017','0.0.0.0')
INSERT INTO Items_Templates VALUES ('CNT-PAK355 - 1','HOB','MES','CENTIN','YES.','MAIN',1,0,250.56,0,0,'AZEPEDA','20221017','0.0.0.0')
INSERT INTO Items_Templates VALUES ('CNT-PAK355 - 1','HOB','MES','CENTIN','SV','MAIN',1,0,1607.76,0,0,'AZEPEDA','20221017','0.0.0.0')
INSERT INTO Items_Templates VALUES ('CNT-PAK355 - 1','HOB','MES','CENTIN','2LCD','MAIN',1,0,387.44,0,0,'AZEPEDA','20221017','0.0.0.0')
INSERT INTO Items_Templates VALUES ('CNT-PAK355 - 1','HOB','MES','CENTIN','LM.','MAIN',1,0,245.92,0,0,'AZEPEDA','20221017','0.0.0.0')
INSERT INTO Items_Templates VALUES ('CNT-PAK355 - 1','HOB','MES','CENTIN','YES..','MAIN',1,0,0,0,0,'AZEPEDA','20221017','0.0.0.0')
INSERT INTO Items_Templates VALUES ('CNT-PAK355 - 1','HOB','MES','CENTIN','YES…','MAIN',1,0,425.72,0,0,'AZEPEDA','20221017','0.0.0.0')
INSERT INTO Items_Templates VALUES ('CNT-PAK355 - 1','HOB','MES','CENTIN','OSI','MAIN',1,0,532.44,0,0,'AZEPEDA','20221017','0.0.0.0')
INSERT INTO Items_Templates VALUES ('CNT-PAK355 - 1','HOB','MES','CENTIN','PHB','MAIN',1,0,265.64,0,0,'AZEPEDA','20221017','0.0.0.0')
INSERT INTO Items_Templates VALUES ('CNT-PAK355 - 1','HOB','MES','CENTIN','FTA','MAIN',1,0,162.4,0,0,'AZEPEDA','20221017','0.0.0.0')
INSERT INTO Items_Templates VALUES ('CNT-PAK355 - 1','HOB','MES','CENTIN','TS*','MAIN',1,0,530.12,0,0,'AZEPEDA','20221017','0.0.0.0')
INSERT INTO Items_Templates VALUES ('CNT-PAK355 - 1','HOB','MES','CENTIN','PH*','MAIN',1,0,264.48,0,0,'AZEPEDA','20221017','0.0.0.0')
INSERT INTO Items_Templates VALUES ('CNT-PAK355 - 1','HOB','MES','CENTIN','BLO','MAIN',1,0,4810.65384615385,0,0,'AZEPEDA','20221017','0.0.0.0')
INSERT INTO Items_Templates VALUES ('CNT-PAK355 - 1','HOB','MES','CENTIN','OD','MAIN',1,0,222.72,0,0,'AZEPEDA','20221017','0.0.0.0')
INSERT INTO Items_Templates VALUES ('CNT-PAK355 - 1','HOB','MES','CENTIN','XRAY','MAIN',1,0,846.8,0,0,'AZEPEDA','20221017','0.0.0.0')
INSERT INTO Items_Templates VALUES ('CNT-PAK355 - 1','HOB','MES','CENTIN','P7920A','MAIN',1,0,1258.6,0,0,'AZEPEDA','20221017','0.0.0.0')
INSERT INTO Items_Templates VALUES ('CNT-PAK355 - 1','HOB','MES','CENTIN','P7921A01','MAIN',1,0,2148.32,0,0,'AZEPEDA','20221017','0.0.0.0')
INSERT INTO Items_Templates VALUES ('CNT-PAK355 - 1','HOB','MES','CENTIN','P7921A02','MAIN',1,0,2698.16,0,0,'AZEPEDA','20221017','0.0.0.0')
INSERT INTO Items_Templates VALUES ('CNT-PAK355 - 1','HOB','MES','CENTIN','P7922A01','MAIN',1,0,12720.9615384615,0,0,'AZEPEDA','20221017','0.0.0.0')
INSERT INTO Items_Templates VALUES ('CNT-PAK355 - 1','HOB','MES','CENTIN','P7922A02','MAIN',1,0,13256.3461538462,0,0,'AZEPEDA','20221017','0.0.0.0')
INSERT INTO Items_Templates VALUES ('CNT-PAK355 - 1','HOB','MES','CENTIN','P7922A03','MAIN',1,0,13916.6538461538,0,0,'AZEPEDA','20221017','0.0.0.0')
INSERT INTO Items_Templates VALUES ('CNT-PAK355 - 1','HOB','MES','CENTIN','P7923A01','MAIN',1,0,6761.46153846154,0,0,'AZEPEDA','20221017','0.0.0.0')
INSERT INTO Items_Templates VALUES ('CNT-PAK355 - 1','HOB','MES','CENTIN','P7923A02','MAIN',1,0,7110.57692307692,0,0,'AZEPEDA','20221017','0.0.0.0')
INSERT INTO Items_Templates VALUES ('CNT-PAK355 - 1','HOB','MES','CENTIN','P7923A03','MAIN',1,0,6223.84615384615,0,0,'AZEPEDA','20221017','0.0.0.0')
INSERT INTO Items_Templates VALUES ('CNT-PAK355 - 1','HOB','MES','CENTIN','P7923A04','MAIN',1,0,6572.96153846154,0,0,'AZEPEDA','20221017','0.0.0.0')
INSERT INTO Items_Templates VALUES ('CNT-PAK355 - 1','HOB','MES','CENTIN','P7933A20','MAIN',1,0,685.961538461538,0,0,'AZEPEDA','20221017','0.0.0.0')
INSERT INTO Items_Templates VALUES ('CNT-PAK355 - 1','HOB','MES','CENTIN','P7926A03','MAIN',1,0,2656.84615384615,0,0,'AZEPEDA','20221017','0.0.0.0')
INSERT INTO Items_Templates VALUES ('CNT-PAK355 - 1','HOB','MES','CENTIN','P7926A04','MAIN',1,0,2656.84615384615,0,0,'AZEPEDA','20221017','0.0.0.0')
INSERT INTO Items_Templates VALUES ('CNT-PAK355 - 1','HOB','MES','CENTIN','P7926A05','MAIN',1,0,2656.84615384615,0,0,'AZEPEDA','20221017','0.0.0.0')
INSERT INTO Items_Templates VALUES ('CNT-PAK355 - 1','HOB','MES','CENTIN','P7926A06','MAIN',1,0,2656.84615384615,0,0,'AZEPEDA','20221017','0.0.0.0')
INSERT INTO Items_Templates VALUES ('CNT-PAK355 - 1','HOB','MES','CENTIN','P7927A1','MAIN',1,0,162.846153846154,0,0,'AZEPEDA','20221017','0.0.0.0')
INSERT INTO Items_Templates VALUES ('CNT-PAK355 - 1','HOB','MES','CENTIN','P7928A','MAIN',1,0,257.653846153846,0,0,'AZEPEDA','20221017','0.0.0.0')
INSERT INTO Items_Templates VALUES ('CNT-PAK355 - 1','HOB','MES','CENTIN','P7929C','MAIN',1,0,264.346153846154,0,0,'AZEPEDA','20221017','0.0.0.0')
INSERT INTO Items_Templates VALUES ('CNT-PAK355 - 1','HOB','MES','CENTIN','P7932B03','MAIN',1,0,250.961538461538,0,0,'AZEPEDA','20221017','0.0.0.0')
INSERT INTO Items_Templates VALUES ('CNT-PAK355 - 1','HOB','MES','CENTIN','P7932B04','MAIN',1,0,250.961538461538,0,0,'AZEPEDA','20221017','0.0.0.0')
INSERT INTO Items_Templates VALUES ('CNT-PAK355 - 1','HOB','MES','CENTIN','P7932B05','MAIN',1,0,250.961538461538,0,0,'AZEPEDA','20221017','0.0.0.0')
INSERT INTO Items_Templates VALUES ('CNT-PAK355 - 1','HOB','MES','CENTIN','P7932B06','MAIN',1,0,250.961538461538,0,0,'AZEPEDA','20221017','0.0.0.0')
INSERT INTO Items_Templates VALUES ('CNT-PAK355 - 1','HOB','MES','CENTIN','P7934A101','MAIN',1,0,2521.88461538462,0,0,'AZEPEDA','20221017','0.0.0.0')
INSERT INTO Items_Templates VALUES ('CNT-PAK355 - 1','HOB','MES','CENTIN','P7935A','MAIN',1,0,265.461538461538,0,0,'AZEPEDA','20221017','0.0.0.0')
INSERT INTO Items_Templates VALUES ('CNT-PAK355 - 1','HOB','MES','CENTIN','P7936A1','MAIN',1,0,2264.23076923077,0,0,'AZEPEDA','20221017','0.0.0.0')
INSERT INTO Items_Templates VALUES ('CNT-PAK355 - 1','HOB','MES','CENTIN','P7938A','MAIN',1,0,265.461538461538,0,0,'AZEPEDA','20221017','0.0.0.0')
INSERT INTO Items_Templates VALUES ('CNT-PAK355 - 1','HOB','MES','CENTIN','P009408','MAIN',1,0,232,0,0,'AZEPEDA','20221017','0.0.0.0')
INSERT INTO Items_Templates VALUES ('CNT-PAK355 - 1','HOB','MES','CENTIN','P27601.','MAIN',1,0,446.153846153846,0,0,'AZEPEDA','20221017','0.0.0.0')
INSERT INTO Items_Templates VALUES ('CNT-PAK355 - 1','HOB','MES','CENTIN','P7511A.','MAIN',1,0,410.461538461538,0,0,'AZEPEDA','20221017','0.0.0.0')
INSERT INTO Items_Templates VALUES ('CNT-PAK355 - 1','HOB','MES','CENTIN','P7512A.','MAIN',1,0,229.769230769231,0,0,'AZEPEDA','20221017','0.0.0.0')
INSERT INTO Items_Templates VALUES ('CNT-PAK355 - 1','HOB','MES','CENTIN','P7524A.','MAIN',1,0,516.423076923077,0,0,'AZEPEDA','20221017','0.0.0.0')
INSERT INTO Items_Templates VALUES ('CNT-PAK355 - 1','HOB','MES','CENTIN','P7922A02.','MAIN',1,0,13256.3461538462,0,0,'AZEPEDA','20221017','0.0.0.0')
INSERT INTO Items_Templates VALUES ('CNT-PAK355 - 1','HOB','MES','CENTIN','P7933A08','MAIN',1,0,5353.84615384615,0,0,'AZEPEDA','20221017','0.0.0.0')
INSERT INTO Items_Templates VALUES ('CNT-PAK355 - 1','HOB','MES','CENTIN','P7933A10','MAIN',1,0,1534.76923076923,0,0,'AZEPEDA','20221017','0.0.0.0')
INSERT INTO Items_Templates VALUES ('CNT-PAK355 - 1','HOB','MES','CENTIN','P7933A01','MAIN',1,0,7004.61538461538,0,0,'AZEPEDA','20221017','0.0.0.0')
INSERT INTO Items_Templates VALUES ('CNT-PAK355 - 1','HOB','MES','CENTIN','P7933A16','MAIN',1,0,2499.57692307692,0,0,'AZEPEDA','20221017','0.0.0.0')
INSERT INTO Items_Templates VALUES ('CNT-PAK355 - 1','HOB','MES','CENTIN','P7933A18','MAIN',1,0,585.576923076923,0,0,'AZEPEDA','20221017','0.0.0.0')
INSERT INTO Items_Templates VALUES ('CNT-PAK355 - 1','HOB','MES','CENTIN','P7922A01.','MAIN',1,0,12720.9615384615,0,0,'AZEPEDA','20221017','0.0.0.0')
--INSERT INTO Items_Templates VALUES ('CNT-PAK355 - 1','HOB','MES','CENTIN','P7922A02.','MAIN',1,0,13256.3461538462,0,0,'AZEPEDA','20221017','0.0.0.0')
INSERT INTO Items_Templates VALUES ('CNT-PAK355 - 1','HOB','MES','CENTIN','P7933A07','MAIN',1,0,4679.03846153846,0,0,'AZEPEDA','20221017','0.0.0.0')
INSERT INTO Items_Templates VALUES ('CNT-PAK355 - 1','HOB','MES','CENTIN','P7933A1301','MAIN',1,0,2505.15384615385,0,0,'AZEPEDA','20221017','0.0.0.0')
INSERT INTO Items_Templates VALUES ('CNT-PAK355 - 1','HOB','MES','CENTIN','P7933A1302','MAIN',1,0,2237.46153846154,0,0,'AZEPEDA','20221017','0.0.0.0')
INSERT INTO Items_Templates VALUES ('CNT-PAK355 - 1','HOB','MES','CENTIN','P7933A1303','MAIN',1,0,2369.07692307692,0,0,'AZEPEDA','20221017','0.0.0.0')
INSERT INTO Items_Templates VALUES ('CNT-PAK355 - 1','HOB','MES','CENTIN','P7933A1304','MAIN',1,0,2100.26923076923,0,0,'AZEPEDA','20221017','0.0.0.0')
INSERT INTO Items_Templates VALUES ('CNT-PAK355 - 1','HOB','MES','CENTIN','P7933A04','MAIN',1,0,1524.73076923077,0,0,'AZEPEDA','20221017','0.0.0.0')
INSERT INTO Items_Templates VALUES ('CNT-PAK355 - 1','HOB','MES','CENTIN','ACT-CFCM1','MAIN',1,0,2498.46153846154,0,0,'AZEPEDA','20221017','0.0.0.0')
INSERT INTO Items_Templates VALUES ('CNT-PAK355 - 1','HOB','MES','CENTIN','ACT-CFCM3','MAIN',1,0,5713,0,0,'AZEPEDA','20221017','0.0.0.0')
INSERT INTO Items_Templates VALUES ('CNT-PAK355 - 1','HOB','MES','CENTIN','ACT-CFCM5','MAIN',1,0,8387.69230769231,0,0,'AZEPEDA','20221017','0.0.0.0')
INSERT INTO Items_Templates VALUES ('CNT-PAK355 - 1','HOB','MES','CENTIN','EXT-CFCM1','MAIN',1,0,2141.53846153846,0,0,'AZEPEDA','20221017','0.0.0.0')
INSERT INTO Items_Templates VALUES ('CNT-PAK355 - 1','HOB','MES','CENTIN','EXT-CFCM2','MAIN',1,0,3926.15384615385,0,0,'AZEPEDA','20221017','0.0.0.0')
INSERT INTO Items_Templates VALUES ('CNT-PAK355 - 1','HOB','MES','CENTIN','EXT-CFCM3','MAIN',1,0,5353.84615384615,0,0,'AZEPEDA','20221017','0.0.0.0')
INSERT INTO Items_Templates VALUES ('CNT-PAK355 - 1','HOB','MES','CENTIN','EXT-CFCM4','MAIN',1,0,6781.53846153846,0,0,'AZEPEDA','20221017','0.0.0.0')
INSERT INTO Items_Templates VALUES ('CNT-PAK355 - 1','HOB','MES','CENTIN','UPG-CFCM1','MAIN',1,0,2498.46153846154,0,0,'AZEPEDA','20221017','0.0.0.0')
INSERT INTO Items_Templates VALUES ('CNT-PAK355 - 1','HOB','MES','CENTIN','UPG-CFCM3','MAIN',1,0,5713,0,0,'AZEPEDA','20221017','0.0.0.0')
INSERT INTO Items_Templates VALUES ('CNT-PAK355 - 1','HOB','MES','CENTIN','UPG-CFCM5','MAIN',1,0,8387.69230769231,0,0,'AZEPEDA','20221017','0.0.0.0')
INSERT INTO Items_Templates VALUES ('CNT-PAK355 - 1','HOB','MES','CENTIN','RENW-CFCM1','MAIN',1,0,2141.53846153846,0,0,'AZEPEDA','20221017','0.0.0.0')
INSERT INTO Items_Templates VALUES ('CNT-PAK355 - 1','HOB','MES','CENTIN','RENW-CFCM2','MAIN',1,0,3926.15384615385,0,0,'AZEPEDA','20221017','0.0.0.0')
INSERT INTO Items_Templates VALUES ('CNT-PAK355 - 1','HOB','MES','CENTIN','RENW-CFCM3','MAIN',1,0,5353.84615384615,0,0,'AZEPEDA','20221017','0.0.0.0')
INSERT INTO Items_Templates VALUES ('CNT-PAK355 - 1','HOB','MES','CENTIN','RENW-CFCM4','MAIN',1,0,6781.53846153846,0,0,'AZEPEDA','20221017','0.0.0.0')
INSERT INTO Items_Templates VALUES ('CNT-PAK355 - 1','HOB','MES','CENTIN','RENW-CFCM5','MAIN',1,0,8030.76923076923,0,0,'AZEPEDA','20221017','0.0.0.0')
INSERT INTO Items_Templates VALUES ('CNT-PAK255 - 1','HOB','MES','CENTIN','AIR-36','MAIN',1,0,0,0,0,'AZEPEDA','20221017','0.0.0.0')
INSERT INTO Items_Templates VALUES ('CNT-PAK255 - 1','HOB','MES','CENTIN','AIR-40','MAIN',1,0,0,0,0,'AZEPEDA','20221017','0.0.0.0')
INSERT INTO Items_Templates VALUES ('CNT-PAK255 - 1','HOB','MES','CENTIN','AIR-40.','MAIN',1,0,551,0,0,'AZEPEDA','20221017','0.0.0.0')
INSERT INTO Items_Templates VALUES ('CNT-PAK355 - 2','HOB','MES','CENTIN','NPAIR-36','MAIN',1,0,0,0,0,'AZEPEDA','20221017','0.0.0.0')
INSERT INTO Items_Templates VALUES ('CNT-PAK355 - 2','HOB','MES','CENTIN','NPAIR-40','MAIN',1,0,0,0,0,'AZEPEDA','20221017','0.0.0.0')
INSERT INTO Items_Templates VALUES ('CNT-PAK355 - 2','HOB','MES','CENTIN','FOAM-36','MAIN',1,0,0,0,0,'AZEPEDA','20221017','0.0.0.0')
INSERT INTO Items_Templates VALUES ('CNT-PAK355 - 2','HOB','MES','CENTIN','PP3','MAIN',1,0,0,0,0,'AZEPEDA','20221017','0.0.0.0')
INSERT INTO Items_Templates VALUES ('CNT-PAK355 - 2','HOB','MES','CENTIN','PP3X','MAIN',1,0,0,0,0,'AZEPEDA','20221017','0.0.0.0')
INSERT INTO Items_Templates VALUES ('CNT-PAK355 - 2','HOB','MES','CENTIN','PP4','MAIN',1,0,0,0,0,'AZEPEDA','20221017','0.0.0.0')
INSERT INTO Items_Templates VALUES ('CNT-PAK355 - 2','HOB','MES','CENTIN','PP4X','MAIN',1,0,0,0,0,'AZEPEDA','20221017','0.0.0.0')
INSERT INTO Items_Templates VALUES ('CNT-PAK355 - 2','HOB','MES','CENTIN','36','MAIN',1,0,0,0,0,'AZEPEDA','20221017','0.0.0.0')
INSERT INTO Items_Templates VALUES ('CNT-PAK355 - 2','HOB','MES','CENTIN','40','MAIN',1,0,5501.88,0,0,'AZEPEDA','20221017','0.0.0.0')
INSERT INTO Items_Templates VALUES ('CNT-PAK355 - 2','HOB','MES','CENTIN','SNC.','MAIN',1,0,1378.08,0,0,'AZEPEDA','20221017','0.0.0.0')
INSERT INTO Items_Templates VALUES ('CNT-PAK355 - 2','HOB','MES','CENTIN','NUL.','MAIN',1,0,1378.08,0,0,'AZEPEDA','20221017','0.0.0.0')
INSERT INTO Items_Templates VALUES ('CNT-PAK355 - 2','HOB','MES','CENTIN','BASIC','MAIN',1,0,1762.30769230769,0,0,'AZEPEDA','20221017','0.0.0.0')
INSERT INTO Items_Templates VALUES ('CNT-PAK355 - 2','HOB','MES','CENTIN','STD.','MAIN',1,0,2404.68,0,0,'AZEPEDA','20221017','0.0.0.0')
INSERT INTO Items_Templates VALUES ('CNT-PAK355 - 2','HOB','MES','CENTIN','5W..','MAIN',1,0,928,0,0,'AZEPEDA','20221017','0.0.0.0')
INSERT INTO Items_Templates VALUES ('CNT-PAK355 - 2','HOB','MES','CENTIN','ID.','MAIN',1,0,7198.96,0,0,'AZEPEDA','20221017','0.0.0.0')
INSERT INTO Items_Templates VALUES ('CNT-PAK355 - 2','HOB','MES','CENTIN','YES*','MAIN',1,0,0,0,0,'AZEPEDA','20221017','0.0.0.0')
INSERT INTO Items_Templates VALUES ('CNT-PAK355 - 2','HOB','MES','CENTIN','YES.','MAIN',1,0,250.56,0,0,'AZEPEDA','20221017','0.0.0.0')
INSERT INTO Items_Templates VALUES ('CNT-PAK355 - 2','HOB','MES','CENTIN','SV','MAIN',1,0,0,0,0,'AZEPEDA','20221017','0.0.0.0')
INSERT INTO Items_Templates VALUES ('CNT-PAK355 - 2','HOB','MES','CENTIN','2LCD','MAIN',1,0,0,0,0,'AZEPEDA','20221017','0.0.0.0')
INSERT INTO Items_Templates VALUES ('CNT-PAK355 - 2','HOB','MES','CENTIN','LM.','MAIN',1,0,245.92,0,0,'AZEPEDA','20221017','0.0.0.0')
INSERT INTO Items_Templates VALUES ('CNT-PAK355 - 2','HOB','MES','CENTIN','YES..','MAIN',1,0,0,0,0,'AZEPEDA','20221017','0.0.0.0')
INSERT INTO Items_Templates VALUES ('CNT-PAK355 - 2','HOB','MES','CENTIN','YES…','MAIN',1,0,425.72,0,0,'AZEPEDA','20221017','0.0.0.0')
INSERT INTO Items_Templates VALUES ('CNT-PAK355 - 2','HOB','MES','CENTIN','OSI','MAIN',1,0,532.44,0,0,'AZEPEDA','20221017','0.0.0.0')
INSERT INTO Items_Templates VALUES ('CNT-PAK355 - 2','HOB','MES','CENTIN','PHB','MAIN',1,0,265.64,0,0,'AZEPEDA','20221017','0.0.0.0')
INSERT INTO Items_Templates VALUES ('CNT-PAK355 - 2','HOB','MES','CENTIN','FTA','MAIN',1,0,162.4,0,0,'AZEPEDA','20221017','0.0.0.0')
INSERT INTO Items_Templates VALUES ('CNT-PAK355 - 2','HOB','MES','CENTIN','TS*','MAIN',1,0,530.12,0,0,'AZEPEDA','20221017','0.0.0.0')
INSERT INTO Items_Templates VALUES ('CNT-PAK355 - 2','HOB','MES','CENTIN','PH*','MAIN',1,0,264.48,0,0,'AZEPEDA','20221017','0.0.0.0')
INSERT INTO Items_Templates VALUES ('CNT-PAK355 - 2','HOB','MES','CENTIN','BLO','MAIN',1,0,4810.65384615385,0,0,'AZEPEDA','20221017','0.0.0.0')
INSERT INTO Items_Templates VALUES ('CNT-PAK355 - 2','HOB','MES','CENTIN','OD','MAIN',1,0,222.72,0,0,'AZEPEDA','20221017','0.0.0.0')
INSERT INTO Items_Templates VALUES ('CNT-PAK355 - 2','HOB','MES','CENTIN','XRAY','MAIN',1,0,846.8,0,0,'AZEPEDA','20221017','0.0.0.0')
INSERT INTO Items_Templates VALUES ('CNT-PAK355 - 2','HOB','MES','CENTIN','P7920A','MAIN',1,0,1258.6,0,0,'AZEPEDA','20221017','0.0.0.0')
INSERT INTO Items_Templates VALUES ('CNT-PAK355 - 2','HOB','MES','CENTIN','P7921A01','MAIN',1,0,2148.32,0,0,'AZEPEDA','20221017','0.0.0.0')
INSERT INTO Items_Templates VALUES ('CNT-PAK355 - 2','HOB','MES','CENTIN','P7921A02','MAIN',1,0,2698.16,0,0,'AZEPEDA','20221017','0.0.0.0')
INSERT INTO Items_Templates VALUES ('CNT-PAK355 - 2','HOB','MES','CENTIN','P7922A01','MAIN',1,0,12720.9615384615,0,0,'AZEPEDA','20221017','0.0.0.0')
INSERT INTO Items_Templates VALUES ('CNT-PAK355 - 2','HOB','MES','CENTIN','P7922A02','MAIN',1,0,13256.3461538462,0,0,'AZEPEDA','20221017','0.0.0.0')
INSERT INTO Items_Templates VALUES ('CNT-PAK355 - 2','HOB','MES','CENTIN','P7922A03','MAIN',1,0,13916.6538461538,0,0,'AZEPEDA','20221017','0.0.0.0')
INSERT INTO Items_Templates VALUES ('CNT-PAK355 - 2','HOB','MES','CENTIN','P7923A01','MAIN',1,0,6761.46153846154,0,0,'AZEPEDA','20221017','0.0.0.0')
INSERT INTO Items_Templates VALUES ('CNT-PAK355 - 2','HOB','MES','CENTIN','P7923A02','MAIN',1,0,7110.57692307692,0,0,'AZEPEDA','20221017','0.0.0.0')
INSERT INTO Items_Templates VALUES ('CNT-PAK355 - 2','HOB','MES','CENTIN','P7923A03','MAIN',1,0,6223.84615384615,0,0,'AZEPEDA','20221017','0.0.0.0')
INSERT INTO Items_Templates VALUES ('CNT-PAK355 - 2','HOB','MES','CENTIN','P7923A04','MAIN',1,0,6572.96153846154,0,0,'AZEPEDA','20221017','0.0.0.0')
INSERT INTO Items_Templates VALUES ('CNT-PAK355 - 2','HOB','MES','CENTIN','P7933A20','MAIN',1,0,685.961538461538,0,0,'AZEPEDA','20221017','0.0.0.0')
INSERT INTO Items_Templates VALUES ('CNT-PAK355 - 2','HOB','MES','CENTIN','P7926A03','MAIN',1,0,2656.84615384615,0,0,'AZEPEDA','20221017','0.0.0.0')
INSERT INTO Items_Templates VALUES ('CNT-PAK355 - 2','HOB','MES','CENTIN','P7926A04','MAIN',1,0,2656.84615384615,0,0,'AZEPEDA','20221017','0.0.0.0')
INSERT INTO Items_Templates VALUES ('CNT-PAK355 - 2','HOB','MES','CENTIN','P7926A05','MAIN',1,0,2656.84615384615,0,0,'AZEPEDA','20221017','0.0.0.0')
INSERT INTO Items_Templates VALUES ('CNT-PAK355 - 2','HOB','MES','CENTIN','P7926A06','MAIN',1,0,2656.84615384615,0,0,'AZEPEDA','20221017','0.0.0.0')
INSERT INTO Items_Templates VALUES ('CNT-PAK355 - 2','HOB','MES','CENTIN','P7927A1','MAIN',1,0,162.846153846154,0,0,'AZEPEDA','20221017','0.0.0.0')
INSERT INTO Items_Templates VALUES ('CNT-PAK355 - 2','HOB','MES','CENTIN','P7928A','MAIN',1,0,257.653846153846,0,0,'AZEPEDA','20221017','0.0.0.0')
INSERT INTO Items_Templates VALUES ('CNT-PAK355 - 2','HOB','MES','CENTIN','P7929C','MAIN',1,0,264.346153846154,0,0,'AZEPEDA','20221017','0.0.0.0')
INSERT INTO Items_Templates VALUES ('CNT-PAK355 - 2','HOB','MES','CENTIN','P7932B03','MAIN',1,0,250.961538461538,0,0,'AZEPEDA','20221017','0.0.0.0')
INSERT INTO Items_Templates VALUES ('CNT-PAK355 - 2','HOB','MES','CENTIN','P7932B04','MAIN',1,0,250.961538461538,0,0,'AZEPEDA','20221017','0.0.0.0')
INSERT INTO Items_Templates VALUES ('CNT-PAK355 - 2','HOB','MES','CENTIN','P7932B05','MAIN',1,0,250.961538461538,0,0,'AZEPEDA','20221017','0.0.0.0')
INSERT INTO Items_Templates VALUES ('CNT-PAK355 - 2','HOB','MES','CENTIN','P7932B06','MAIN',1,0,250.961538461538,0,0,'AZEPEDA','20221017','0.0.0.0')
INSERT INTO Items_Templates VALUES ('CNT-PAK355 - 2','HOB','MES','CENTIN','P7934A101','MAIN',1,0,2521.88461538462,0,0,'AZEPEDA','20221017','0.0.0.0')
INSERT INTO Items_Templates VALUES ('CNT-PAK355 - 2','HOB','MES','CENTIN','P7935A','MAIN',1,0,265.461538461538,0,0,'AZEPEDA','20221017','0.0.0.0')
INSERT INTO Items_Templates VALUES ('CNT-PAK355 - 2','HOB','MES','CENTIN','P7936A1','MAIN',1,0,2264.23076923077,0,0,'AZEPEDA','20221017','0.0.0.0')
INSERT INTO Items_Templates VALUES ('CNT-PAK355 - 2','HOB','MES','CENTIN','P7938A','MAIN',1,0,265.461538461538,0,0,'AZEPEDA','20221017','0.0.0.0')
INSERT INTO Items_Templates VALUES ('CNT-PAK355 - 2','HOB','MES','CENTIN','P009408','MAIN',1,0,232,0,0,'AZEPEDA','20221017','0.0.0.0')
INSERT INTO Items_Templates VALUES ('CNT-PAK355 - 2','HOB','MES','CENTIN','P27601.','MAIN',1,0,446.153846153846,0,0,'AZEPEDA','20221017','0.0.0.0')
INSERT INTO Items_Templates VALUES ('CNT-PAK355 - 2','HOB','MES','CENTIN','P7511A.','MAIN',1,0,410.461538461538,0,0,'AZEPEDA','20221017','0.0.0.0')
INSERT INTO Items_Templates VALUES ('CNT-PAK355 - 2','HOB','MES','CENTIN','P7512A.','MAIN',1,0,229.769230769231,0,0,'AZEPEDA','20221017','0.0.0.0')
INSERT INTO Items_Templates VALUES ('CNT-PAK355 - 2','HOB','MES','CENTIN','P7524A.','MAIN',1,0,516.423076923077,0,0,'AZEPEDA','20221017','0.0.0.0')
INSERT INTO Items_Templates VALUES ('CNT-PAK355 - 2','HOB','MES','CENTIN','P7922A02.','MAIN',1,0,13256.3461538462,0,0,'AZEPEDA','20221017','0.0.0.0')
INSERT INTO Items_Templates VALUES ('CNT-PAK355 - 2','HOB','MES','CENTIN','P7933A08','MAIN',1,0,5353.84615384615,0,0,'AZEPEDA','20221017','0.0.0.0')
INSERT INTO Items_Templates VALUES ('CNT-PAK355 - 2','HOB','MES','CENTIN','P7933A10','MAIN',1,0,1534.76923076923,0,0,'AZEPEDA','20221017','0.0.0.0')
INSERT INTO Items_Templates VALUES ('CNT-PAK355 - 2','HOB','MES','CENTIN','P7933A01','MAIN',1,0,7004.61538461538,0,0,'AZEPEDA','20221017','0.0.0.0')
INSERT INTO Items_Templates VALUES ('CNT-PAK355 - 2','HOB','MES','CENTIN','P7933A16','MAIN',1,0,2499.57692307692,0,0,'AZEPEDA','20221017','0.0.0.0')
INSERT INTO Items_Templates VALUES ('CNT-PAK355 - 2','HOB','MES','CENTIN','P7933A18','MAIN',1,0,585.576923076923,0,0,'AZEPEDA','20221017','0.0.0.0')
INSERT INTO Items_Templates VALUES ('CNT-PAK355 - 2','HOB','MES','CENTIN','P7922A01.','MAIN',1,0,12720.9615384615,0,0,'AZEPEDA','20221017','0.0.0.0')
--INSERT INTO Items_Templates VALUES ('CNT-PAK355 - 2','HOB','MES','CENTIN','P7922A02.','MAIN',1,0,13256.3461538462,0,0,'AZEPEDA','20221017','0.0.0.0')
INSERT INTO Items_Templates VALUES ('CNT-PAK355 - 2','HOB','MES','CENTIN','P7933A07','MAIN',1,0,4679.03846153846,0,0,'AZEPEDA','20221017','0.0.0.0')
INSERT INTO Items_Templates VALUES ('CNT-PAK355 - 2','HOB','MES','CENTIN','P7933A1301','MAIN',1,0,2505.15384615385,0,0,'AZEPEDA','20221017','0.0.0.0')
INSERT INTO Items_Templates VALUES ('CNT-PAK355 - 2','HOB','MES','CENTIN','P7933A1302','MAIN',1,0,2237.46153846154,0,0,'AZEPEDA','20221017','0.0.0.0')
INSERT INTO Items_Templates VALUES ('CNT-PAK355 - 2','HOB','MES','CENTIN','P7933A1303','MAIN',1,0,2369.07692307692,0,0,'AZEPEDA','20221017','0.0.0.0')
INSERT INTO Items_Templates VALUES ('CNT-PAK355 - 2','HOB','MES','CENTIN','P7933A1304','MAIN',1,0,2100.26923076923,0,0,'AZEPEDA','20221017','0.0.0.0')
INSERT INTO Items_Templates VALUES ('CNT-PAK355 - 2','HOB','MES','CENTIN','P7933A04','MAIN',1,0,1524.73076923077,0,0,'AZEPEDA','20221017','0.0.0.0')
INSERT INTO Items_Templates VALUES ('CNT-PAK355 - 2','HOB','MES','CENTIN','ACT-CFCM1','MAIN',1,0,2498.46153846154,0,0,'AZEPEDA','20221017','0.0.0.0')
INSERT INTO Items_Templates VALUES ('CNT-PAK355 - 2','HOB','MES','CENTIN','ACT-CFCM3','MAIN',1,0,5713,0,0,'AZEPEDA','20221017','0.0.0.0')
INSERT INTO Items_Templates VALUES ('CNT-PAK355 - 2','HOB','MES','CENTIN','ACT-CFCM5','MAIN',1,0,8387.69230769231,0,0,'AZEPEDA','20221017','0.0.0.0')
INSERT INTO Items_Templates VALUES ('CNT-PAK355 - 2','HOB','MES','CENTIN','EXT-CFCM1','MAIN',1,0,2141.53846153846,0,0,'AZEPEDA','20221017','0.0.0.0')
INSERT INTO Items_Templates VALUES ('CNT-PAK355 - 2','HOB','MES','CENTIN','EXT-CFCM2','MAIN',1,0,3926.15384615385,0,0,'AZEPEDA','20221017','0.0.0.0')
INSERT INTO Items_Templates VALUES ('CNT-PAK355 - 2','HOB','MES','CENTIN','EXT-CFCM3','MAIN',1,0,5353.84615384615,0,0,'AZEPEDA','20221017','0.0.0.0')
INSERT INTO Items_Templates VALUES ('CNT-PAK355 - 2','HOB','MES','CENTIN','EXT-CFCM4','MAIN',1,0,6781.53846153846,0,0,'AZEPEDA','20221017','0.0.0.0')
INSERT INTO Items_Templates VALUES ('CNT-PAK355 - 2','HOB','MES','CENTIN','UPG-CFCM1','MAIN',1,0,2498.46153846154,0,0,'AZEPEDA','20221017','0.0.0.0')
INSERT INTO Items_Templates VALUES ('CNT-PAK355 - 2','HOB','MES','CENTIN','UPG-CFCM3','MAIN',1,0,5713,0,0,'AZEPEDA','20221017','0.0.0.0')
INSERT INTO Items_Templates VALUES ('CNT-PAK355 - 2','HOB','MES','CENTIN','UPG-CFCM5','MAIN',1,0,8387.69230769231,0,0,'AZEPEDA','20221017','0.0.0.0')
INSERT INTO Items_Templates VALUES ('CNT-PAK355 - 2','HOB','MES','CENTIN','RENW-CFCM1','MAIN',1,0,2141.53846153846,0,0,'AZEPEDA','20221017','0.0.0.0')
INSERT INTO Items_Templates VALUES ('CNT-PAK355 - 2','HOB','MES','CENTIN','RENW-CFCM2','MAIN',1,0,3926.15384615385,0,0,'AZEPEDA','20221017','0.0.0.0')
INSERT INTO Items_Templates VALUES ('CNT-PAK355 - 2','HOB','MES','CENTIN','RENW-CFCM3','MAIN',1,0,5353.84615384615,0,0,'AZEPEDA','20221017','0.0.0.0')
INSERT INTO Items_Templates VALUES ('CNT-PAK355 - 2','HOB','MES','CENTIN','RENW-CFCM4','MAIN',1,0,6781.53846153846,0,0,'AZEPEDA','20221017','0.0.0.0')
INSERT INTO Items_Templates VALUES ('CNT-PAK355 - 2','HOB','MES','CENTIN','RENW-CFCM5','MAIN',1,0,8030.76923076923,0,0,'AZEPEDA','20221017','0.0.0.0')
INSERT INTO Items_Templates VALUES ('CNT-BASE','HOB','MES','CENTIN','CNT-BASE','MAIN',1,0,15220.36,0,0,'AZEPEDA','20221017','0.0.0.0')
INSERT INTO Items_Templates VALUES ('CNT-PAK355 - 1','HOB','MES','CENTIN','CNT-PAK355 - 1','MAIN',1,0,20264.04,0,0,'AZEPEDA','20221017','0.0.0.0')
--INSERT INTO Items_Templates VALUES ('CNT-PAK355 - 2','HOB','MES','CENTIN','RENW-CFCM5','MAIN',1,0,38691.8,0,0,'AZEPEDA','20221017','0.0.0.0')

--COMMIT
